{
    "cols": 9,
    "endPos": {
        "x": 8,
        "y": 0
    },
    "grid": [
        [
            0,
            0,
            0,
            0,
            0,
            0,
            0,
            0,
            3
        ],
        [
            0,
            0,
            0,
            0,
            0,
            0,
            0,
            0,
            0
        ],
        [
            0,
            1,
            1,
            1,
            1,
            0,
            0,
            1,
            0
        ],
        [
            0,
            1,
            1,
            1,
            1,
            0,
            0,
            0,
            0
        ],
        [
            1,
            1,
            0,
            0,
            0,
            0,
            0,
            1,
            0
        ],
        [
            1,
            1,
            1,
            1,
            1,
            0,
            0,
            1,
            0
        ],
        [
            1,
            1,
            1,
            1,
            1,
            0,
            0,
            1,
            0
        ],
        [
            0,
            0,
            0,
            0,
            0,
            0,
            0,
            0,
            0
        ],
        [
            2,
            0,
            0,
            0,
            0,
            0,
            0,
            0,
            0
        ]
    ],
    "rows": 9,
    "startPos": {
        "x": 0,
        "y": 8
    }
}
